{
    "avg": 1032.442612015019,
    "min": 0,
    "med": 799.7384999999999,
    "max": 2227.253,
    "p(90)": 1822.8968,
    "p(95)": 1876.1373999999998
}