{
    "avg": 757.7976193353461,
    "min": 77.06,
    "med": 656.9159999999999,
    "max": 1507.452,
    "p(90)": 1269.1979999999999,
    "p(95)": 1296.5482499999998
}